{"v":"5.5.10","fr":59.9400024414063,"ip":0,"op":99.0000040323527,"w":851,"h":851,"nm":"matrix","ddd":0,"assets":[{"id":"comp_0","layers":[{"ddd":0,"ind":1,"ty":5,"nm":"113","sr":1,"ks":{"o":{"a":0,"k":100,"ix":11},"r":{"a":0,"k":0,"ix":10},"p":{"a":0,"k":[454.082,517.891,0],"ix":2},"a":{"a":0,"k":[9.082,-12.109,0],"ix":1},"s":{"a":0,"k":[142,142,100],"ix":6}},"ao":0,"t":{"d":{"k":[{"s":{"s":31,"f":"VCROSDMono","t":"0","j":0,"tr":210,"lh":37.2,"ls":0,"fc":[0,0,0]},"t":0}]},"p":{},"m":{"g":1,"a":{"a":0,"k":[0,0],"ix":2}},"a":[]},"ip":22.0000008960784,"op":33.0000013441176,"st":22.0000008960784,"bm":0},{"ddd":0,"ind":2,"ty":5,"nm":"114","sr":1,"ks":{"o":{"a":0,"k":100,"ix":11},"r":{"a":0,"k":0,"ix":10},"p":{"a":0,"k":[454.082,473.891,0],"ix":2},"a":{"a":0,"k":[9.082,-12.109,0],"ix":1},"s":{"a":0,"k":[142,142,100],"ix":6}},"ao":0,"t":{"d":{"k":[{"s":{"s":31,"f":"VCROSDMono","t":"0","j":0,"tr":210,"lh":37.2,"ls":0,"fc":[0,0,0]},"t":0}]},"p":{},"m":{"g":1,"a":{"a":0,"k":[0,0],"ix":2}},"a":[]},"ip":22.0000008960784,"op":33.0000013441176,"st":22.0000008960784,"bm":0},{"ddd":0,"ind":3,"ty":5,"nm":"115","sr":1,"ks":{"o":{"a":0,"k":100,"ix":11},"r":{"a":0,"k":0,"ix":10},"p":{"a":0,"k":[454.082,429.891,0],"ix":2},"a":{"a":0,"k":[9.082,-12.109,0],"ix":1},"s":{"a":0,"k":[142,142,100],"ix":6}},"ao":0,"t":{"d":{"k":[{"s":{"s":31,"f":"VCROSDMono","t":"0","j":0,"tr":210,"lh":37.2,"ls":0,"fc":[0,0,0]},"t":0}]},"p":{},"m":{"g":1,"a":{"a":0,"k":[0,0],"ix":2}},"a":[]},"ip":22.0000008960784,"op":33.0000013441176,"st":22.0000008960784,"bm":0},{"ddd":0,"ind":4,"ty":5,"nm":"116","sr":1,"ks":{"o":{"a":0,"k":100,"ix":11},"r":{"a":0,"k":0,"ix":10},"p":{"a":0,"k":[454.082,385.891,0],"ix":2},"a":{"a":0,"k":[9.082,-12.109,0],"ix":1},"s":{"a":0,"k":[142,142,100],"ix":6}},"ao":0,"t":{"d":{"k":[{"s":{"s":31,"f":"VCROSDMono","t":"0","j":0,"tr":210,"lh":37.2,"ls":0,"fc":[0,0,0]},"t":0}]},"p":{},"m":{"g":1,"a":{"a":0,"k":[0,0],"ix":2}},"a":[]},"ip":22.0000008960784,"op":33.0000013441176,"st":22.0000008960784,"bm":0},{"ddd":0,"ind":5,"ty":5,"nm":"181","sr":1,"ks":{"o":{"a":0,"k":100,"ix":11},"r":{"a":0,"k":0,"ix":10},"p":{"a":0,"k":[454.082,341.891,0],"ix":2},"a":{"a":0,"k":[9.082,-12.109,0],"ix":1},"s":{"a":0,"k":[142,142,100],"ix":6}},"ao":0,"t":{"d":{"k":[{"s":{"s":31,"f":"VCROSDMono","t":"0","j":0,"tr":210,"lh":37.2,"ls":0,"fc":[0,0,0]},"t":0}]},"p":{},"m":{"g":1,"a":{"a":0,"k":[0,0],"ix":2}},"a":[]},"ip":22.0000008960784,"op":33.0000013441176,"st":22.0000008960784,"bm":0},{"ddd":0,"ind":6,"ty":5,"nm":"118","sr":1,"ks":{"o":{"a":0,"k":100,"ix":11},"r":{"a":0,"k":0,"ix":10},"p":{"a":0,"k":[512.082,517.891,0],"ix":2},"a":{"a":0,"k":[9.082,-12.109,0],"ix":1},"s":{"a":0,"k":[142,142,100],"ix":6}},"ao":0,"t":{"d":{"k":[{"s":{"s":31,"f":"VCROSDMono","t":"1","j":0,"tr":210,"lh":37.2,"ls":0,"fc":[0,0,0]},"t":0}]},"p":{},"m":{"g":1,"a":{"a":0,"k":[0,0],"ix":2}},"a":[]},"ip":22.0000008960784,"op":33.0000013441176,"st":22.0000008960784,"bm":0},{"ddd":0,"ind":7,"ty":5,"nm":"119","sr":1,"ks":{"o":{"a":0,"k":100,"ix":11},"r":{"a":0,"k":0,"ix":10},"p":{"a":0,"k":[396.082,517.891,0],"ix":2},"a":{"a":0,"k":[9.082,-12.109,0],"ix":1},"s":{"a":0,"k":[142,142,100],"ix":6}},"ao":0,"t":{"d":{"k":[{"s":{"s":31,"f":"VCROSDMono","t":"1","j":0,"tr":210,"lh":37.2,"ls":0,"fc":[0,0,0]},"t":0}]},"p":{},"m":{"g":1,"a":{"a":0,"k":[0,0],"ix":2}},"a":[]},"ip":22.0000008960784,"op":33.0000013441176,"st":22.0000008960784,"bm":0},{"ddd":0,"ind":8,"ty":5,"nm":"120","sr":1,"ks":{"o":{"a":0,"k":100,"ix":11},"r":{"a":0,"k":0,"ix":10},"p":{"a":0,"k":[338.082,517.891,0],"ix":2},"a":{"a":0,"k":[9.082,-12.109,0],"ix":1},"s":{"a":0,"k":[142,142,100],"ix":6}},"ao":0,"t":{"d":{"k":[{"s":{"s":31,"f":"VCROSDMono","t":"1","j":0,"tr":210,"lh":37.2,"ls":0,"fc":[0,0,0]},"t":0}]},"p":{},"m":{"g":1,"a":{"a":0,"k":[0,0],"ix":2}},"a":[]},"ip":22.0000008960784,"op":33.0000013441176,"st":22.0000008960784,"bm":0},{"ddd":0,"ind":9,"ty":5,"nm":"121","sr":1,"ks":{"o":{"a":0,"k":100,"ix":11},"r":{"a":0,"k":0,"ix":10},"p":{"a":0,"k":[512.082,473.891,0],"ix":2},"a":{"a":0,"k":[9.082,-12.109,0],"ix":1},"s":{"a":0,"k":[142,142,100],"ix":6}},"ao":0,"t":{"d":{"k":[{"s":{"s":31,"f":"VCROSDMono","t":"0","j":0,"tr":210,"lh":37.2,"ls":0,"fc":[0,0,0]},"t":0}]},"p":{},"m":{"g":1,"a":{"a":0,"k":[0,0],"ix":2}},"a":[]},"ip":22.0000008960784,"op":33.0000013441176,"st":22.0000008960784,"bm":0},{"ddd":0,"ind":10,"ty":5,"nm":"122","sr":1,"ks":{"o":{"a":0,"k":100,"ix":11},"r":{"a":0,"k":0,"ix":10},"p":{"a":0,"k":[396.082,473.891,0],"ix":2},"a":{"a":0,"k":[9.082,-12.109,0],"ix":1},"s":{"a":0,"k":[142,142,100],"ix":6}},"ao":0,"t":{"d":{"k":[{"s":{"s":31,"f":"VCROSDMono","t":"0","j":0,"tr":210,"lh":37.2,"ls":0,"fc":[0,0,0]},"t":0}]},"p":{},"m":{"g":1,"a":{"a":0,"k":[0,0],"ix":2}},"a":[]},"ip":22.0000008960784,"op":33.0000013441176,"st":22.0000008960784,"bm":0},{"ddd":0,"ind":11,"ty":5,"nm":"123","sr":1,"ks":{"o":{"a":0,"k":100,"ix":11},"r":{"a":0,"k":0,"ix":10},"p":{"a":0,"k":[338.082,473.891,0],"ix":2},"a":{"a":0,"k":[9.082,-12.109,0],"ix":1},"s":{"a":0,"k":[142,142,100],"ix":6}},"ao":0,"t":{"d":{"k":[{"s":{"s":31,"f":"VCROSDMono","t":"1","j":0,"tr":210,"lh":37.2,"ls":0,"fc":[0,0,0]},"t":0}]},"p":{},"m":{"g":1,"a":{"a":0,"k":[0,0],"ix":2}},"a":[]},"ip":22.0000008960784,"op":33.0000013441176,"st":22.0000008960784,"bm":0},{"ddd":0,"ind":12,"ty":5,"nm":"124","sr":1,"ks":{"o":{"a":0,"k":100,"ix":11},"r":{"a":0,"k":0,"ix":10},"p":{"a":0,"k":[512.082,429.891,0],"ix":2},"a":{"a":0,"k":[9.082,-12.109,0],"ix":1},"s":{"a":0,"k":[142,142,100],"ix":6}},"ao":0,"t":{"d":{"k":[{"s":{"s":31,"f":"VCROSDMono","t":"0","j":0,"tr":210,"lh":37.2,"ls":0,"fc":[0,0,0]},"t":0}]},"p":{},"m":{"g":1,"a":{"a":0,"k":[0,0],"ix":2}},"a":[]},"ip":22.0000008960784,"op":33.0000013441176,"st":22.0000008960784,"bm":0},{"ddd":0,"ind":13,"ty":5,"nm":"125","sr":1,"ks":{"o":{"a":0,"k":100,"ix":11},"r":{"a":0,"k":0,"ix":10},"p":{"a":0,"k":[396.082,429.891,0],"ix":2},"a":{"a":0,"k":[9.082,-12.109,0],"ix":1},"s":{"a":0,"k":[142,142,100],"ix":6}},"ao":0,"t":{"d":{"k":[{"s":{"s":31,"f":"VCROSDMono","t":"1","j":0,"tr":210,"lh":37.2,"ls":0,"fc":[0,0,0]},"t":0}]},"p":{},"m":{"g":1,"a":{"a":0,"k":[0,0],"ix":2}},"a":[]},"ip":22.0000008960784,"op":33.0000013441176,"st":22.0000008960784,"bm":0},{"ddd":0,"ind":14,"ty":5,"nm":"126","sr":1,"ks":{"o":{"a":0,"k":100,"ix":11},"r":{"a":0,"k":0,"ix":10},"p":{"a":0,"k":[338.082,429.891,0],"ix":2},"a":{"a":0,"k":[9.082,-12.109,0],"ix":1},"s":{"a":0,"k":[142,142,100],"ix":6}},"ao":0,"t":{"d":{"k":[{"s":{"s":31,"f":"VCROSDMono","t":"1","j":0,"tr":210,"lh":37.2,"ls":0,"fc":[0,0,0]},"t":0}]},"p":{},"m":{"g":1,"a":{"a":0,"k":[0,0],"ix":2}},"a":[]},"ip":22.0000008960784,"op":33.0000013441176,"st":22.0000008960784,"bm":0},{"ddd":0,"ind":15,"ty":5,"nm":"127","sr":1,"ks":{"o":{"a":0,"k":100,"ix":11},"r":{"a":0,"k":0,"ix":10},"p":{"a":0,"k":[512.082,385.891,0],"ix":2},"a":{"a":0,"k":[9.082,-12.109,0],"ix":1},"s":{"a":0,"k":[142,142,100],"ix":6}},"ao":0,"t":{"d":{"k":[{"s":{"s":31,"f":"VCROSDMono","t":"1","j":0,"tr":210,"lh":37.2,"ls":0,"fc":[0,0,0]},"t":0}]},"p":{},"m":{"g":1,"a":{"a":0,"k":[0,0],"ix":2}},"a":[]},"ip":22.0000008960784,"op":33.0000013441176,"st":22.0000008960784,"bm":0},{"ddd":0,"ind":16,"ty":5,"nm":"128","sr":1,"ks":{"o":{"a":0,"k":100,"ix":11},"r":{"a":0,"k":0,"ix":10},"p":{"a":0,"k":[396.082,385.891,0],"ix":2},"a":{"a":0,"k":[9.082,-12.109,0],"ix":1},"s":{"a":0,"k":[142,142,100],"ix":6}},"ao":0,"t":{"d":{"k":[{"s":{"s":31,"f":"VCROSDMono","t":"1","j":0,"tr":210,"lh":37.2,"ls":0,"fc":[0,0,0]},"t":0}]},"p":{},"m":{"g":1,"a":{"a":0,"k":[0,0],"ix":2}},"a":[]},"ip":22.0000008960784,"op":33.0000013441176,"st":22.0000008960784,"bm":0},{"ddd":0,"ind":17,"ty":5,"nm":"129","sr":1,"ks":{"o":{"a":0,"k":100,"ix":11},"r":{"a":0,"k":0,"ix":10},"p":{"a":0,"k":[338.082,385.891,0],"ix":2},"a":{"a":0,"k":[9.082,-12.109,0],"ix":1},"s":{"a":0,"k":[142,142,100],"ix":6}},"ao":0,"t":{"d":{"k":[{"s":{"s":31,"f":"VCROSDMono","t":"1","j":0,"tr":210,"lh":37.2,"ls":0,"fc":[0,0,0]},"t":0}]},"p":{},"m":{"g":1,"a":{"a":0,"k":[0,0],"ix":2}},"a":[]},"ip":22.0000008960784,"op":33.0000013441176,"st":22.0000008960784,"bm":0},{"ddd":0,"ind":18,"ty":5,"nm":"130","sr":1,"ks":{"o":{"a":0,"k":100,"ix":11},"r":{"a":0,"k":0,"ix":10},"p":{"a":0,"k":[512.082,341.891,0],"ix":2},"a":{"a":0,"k":[9.082,-12.109,0],"ix":1},"s":{"a":0,"k":[142,142,100],"ix":6}},"ao":0,"t":{"d":{"k":[{"s":{"s":31,"f":"VCROSDMono","t":"0","j":0,"tr":210,"lh":37.2,"ls":0,"fc":[0,0,0]},"t":0}]},"p":{},"m":{"g":1,"a":{"a":0,"k":[0,0],"ix":2}},"a":[]},"ip":22.0000008960784,"op":33.0000013441176,"st":22.0000008960784,"bm":0},{"ddd":0,"ind":19,"ty":5,"nm":"131","sr":1,"ks":{"o":{"a":0,"k":100,"ix":11},"r":{"a":0,"k":0,"ix":10},"p":{"a":0,"k":[396.082,341.891,0],"ix":2},"a":{"a":0,"k":[9.082,-12.109,0],"ix":1},"s":{"a":0,"k":[142,142,100],"ix":6}},"ao":0,"t":{"d":{"k":[{"s":{"s":31,"f":"VCROSDMono","t":"1","j":0,"tr":210,"lh":37.2,"ls":0,"fc":[0,0,0]},"t":0}]},"p":{},"m":{"g":1,"a":{"a":0,"k":[0,0],"ix":2}},"a":[]},"ip":22.0000008960784,"op":33.0000013441176,"st":22.0000008960784,"bm":0},{"ddd":0,"ind":20,"ty":5,"nm":"132","sr":1,"ks":{"o":{"a":0,"k":100,"ix":11},"r":{"a":0,"k":0,"ix":10},"p":{"a":0,"k":[338.082,341.891,0],"ix":2},"a":{"a":0,"k":[9.082,-12.109,0],"ix":1},"s":{"a":0,"k":[142,142,100],"ix":6}},"ao":0,"t":{"d":{"k":[{"s":{"s":31,"f":"VCROSDMono","t":"0","j":0,"tr":210,"lh":37.2,"ls":0,"fc":[0,0,0]},"t":0}]},"p":{},"m":{"g":1,"a":{"a":0,"k":[0,0],"ix":2}},"a":[]},"ip":22.0000008960784,"op":33.0000013441176,"st":22.0000008960784,"bm":0},{"ddd":0,"ind":21,"ty":5,"nm":"133","sr":1,"ks":{"o":{"a":0,"k":100,"ix":11},"r":{"a":0,"k":0,"ix":10},"p":{"a":0,"k":[512.082,297.891,0],"ix":2},"a":{"a":0,"k":[9.082,-12.109,0],"ix":1},"s":{"a":0,"k":[142,142,100],"ix":6}},"ao":0,"t":{"d":{"k":[{"s":{"s":31,"f":"VCROSDMono","t":"1","j":0,"tr":210,"lh":37.2,"ls":0,"fc":[0,0,0]},"t":0}]},"p":{},"m":{"g":1,"a":{"a":0,"k":[0,0],"ix":2}},"a":[]},"ip":22.0000008960784,"op":33.0000013441176,"st":22.0000008960784,"bm":0},{"ddd":0,"ind":22,"ty":5,"nm":"134","sr":1,"ks":{"o":{"a":0,"k":100,"ix":11},"r":{"a":0,"k":0,"ix":10},"p":{"a":0,"k":[396.082,297.891,0],"ix":2},"a":{"a":0,"k":[9.082,-12.109,0],"ix":1},"s":{"a":0,"k":[142,142,100],"ix":6}},"ao":0,"t":{"d":{"k":[{"s":{"s":31,"f":"VCROSDMono","t":"1","j":0,"tr":210,"lh":37.2,"ls":0,"fc":[0,0,0]},"t":0}]},"p":{},"m":{"g":1,"a":{"a":0,"k":[0,0],"ix":2}},"a":[]},"ip":22.0000008960784,"op":33.0000013441176,"st":22.0000008960784,"bm":0},{"ddd":0,"ind":23,"ty":5,"nm":"135","sr":1,"ks":{"o":{"a":0,"k":100,"ix":11},"r":{"a":0,"k":0,"ix":10},"p":{"a":0,"k":[338.082,297.891,0],"ix":2},"a":{"a":0,"k":[9.082,-12.109,0],"ix":1},"s":{"a":0,"k":[142,142,100],"ix":6}},"ao":0,"t":{"d":{"k":[{"s":{"s":31,"f":"VCROSDMono","t":"1","j":0,"tr":210,"lh":37.2,"ls":0,"fc":[0,0,0]},"t":0}]},"p":{},"m":{"g":1,"a":{"a":0,"k":[0,0],"ix":2}},"a":[]},"ip":22.0000008960784,"op":33.0000013441176,"st":22.0000008960784,"bm":0},{"ddd":0,"ind":24,"ty":5,"nm":"136","sr":1,"ks":{"o":{"a":0,"k":100,"ix":11},"r":{"a":0,"k":0,"ix":10},"p":{"a":0,"k":[454.082,517.891,0],"ix":2},"a":{"a":0,"k":[9.082,-12.109,0],"ix":1},"s":{"a":0,"k":[142,142,100],"ix":6}},"ao":0,"t":{"d":{"k":[{"s":{"s":31,"f":"VCROSDMono","t":"0","j":0,"tr":210,"lh":37.2,"ls":0,"fc":[0,0,0]},"t":0}]},"p":{},"m":{"g":1,"a":{"a":0,"k":[0,0],"ix":2}},"a":[]},"ip":11.0000004480392,"op":22.0000008960784,"st":11.0000004480392,"bm":0},{"ddd":0,"ind":25,"ty":5,"nm":"137","sr":1,"ks":{"o":{"a":0,"k":100,"ix":11},"r":{"a":0,"k":0,"ix":10},"p":{"a":0,"k":[454.082,473.891,0],"ix":2},"a":{"a":0,"k":[9.082,-12.109,0],"ix":1},"s":{"a":0,"k":[142,142,100],"ix":6}},"ao":0,"t":{"d":{"k":[{"s":{"s":31,"f":"VCROSDMono","t":"1","j":0,"tr":210,"lh":37.2,"ls":0,"fc":[0,0,0]},"t":0}]},"p":{},"m":{"g":1,"a":{"a":0,"k":[0,0],"ix":2}},"a":[]},"ip":11.0000004480392,"op":22.0000008960784,"st":11.0000004480392,"bm":0},{"ddd":0,"ind":26,"ty":5,"nm":"138","sr":1,"ks":{"o":{"a":0,"k":100,"ix":11},"r":{"a":0,"k":0,"ix":10},"p":{"a":0,"k":[454.082,429.891,0],"ix":2},"a":{"a":0,"k":[9.082,-12.109,0],"ix":1},"s":{"a":0,"k":[142,142,100],"ix":6}},"ao":0,"t":{"d":{"k":[{"s":{"s":31,"f":"VCROSDMono","t":"0","j":0,"tr":210,"lh":37.2,"ls":0,"fc":[0,0,0]},"t":0}]},"p":{},"m":{"g":1,"a":{"a":0,"k":[0,0],"ix":2}},"a":[]},"ip":11.0000004480392,"op":22.0000008960784,"st":11.0000004480392,"bm":0},{"ddd":0,"ind":27,"ty":5,"nm":"139","sr":1,"ks":{"o":{"a":0,"k":100,"ix":11},"r":{"a":0,"k":0,"ix":10},"p":{"a":0,"k":[454.082,385.891,0],"ix":2},"a":{"a":0,"k":[9.082,-12.109,0],"ix":1},"s":{"a":0,"k":[142,142,100],"ix":6}},"ao":0,"t":{"d":{"k":[{"s":{"s":31,"f":"VCROSDMono","t":"1","j":0,"tr":210,"lh":37.2,"ls":0,"fc":[0,0,0]},"t":0}]},"p":{},"m":{"g":1,"a":{"a":0,"k":[0,0],"ix":2}},"a":[]},"ip":11.0000004480392,"op":22.0000008960784,"st":11.0000004480392,"bm":0},{"ddd":0,"ind":28,"ty":5,"nm":"180","sr":1,"ks":{"o":{"a":0,"k":100,"ix":11},"r":{"a":0,"k":0,"ix":10},"p":{"a":0,"k":[454.082,341.891,0],"ix":2},"a":{"a":0,"k":[9.082,-12.109,0],"ix":1},"s":{"a":0,"k":[142,142,100],"ix":6}},"ao":0,"t":{"d":{"k":[{"s":{"s":31,"f":"VCROSDMono","t":"1","j":0,"tr":210,"lh":37.2,"ls":0,"fc":[0,0,0]},"t":0}]},"p":{},"m":{"g":1,"a":{"a":0,"k":[0,0],"ix":2}},"a":[]},"ip":11.0000004480392,"op":22.0000008960784,"st":11.0000004480392,"bm":0},{"ddd":0,"ind":29,"ty":5,"nm":"141","sr":1,"ks":{"o":{"a":0,"k":100,"ix":11},"r":{"a":0,"k":0,"ix":10},"p":{"a":0,"k":[512.082,517.891,0],"ix":2},"a":{"a":0,"k":[9.082,-12.109,0],"ix":1},"s":{"a":0,"k":[142,142,100],"ix":6}},"ao":0,"t":{"d":{"k":[{"s":{"s":31,"f":"VCROSDMono","t":"1","j":0,"tr":210,"lh":37.2,"ls":0,"fc":[0,0,0]},"t":0}]},"p":{},"m":{"g":1,"a":{"a":0,"k":[0,0],"ix":2}},"a":[]},"ip":11.0000004480392,"op":22.0000008960784,"st":11.0000004480392,"bm":0},{"ddd":0,"ind":30,"ty":5,"nm":"142","sr":1,"ks":{"o":{"a":0,"k":100,"ix":11},"r":{"a":0,"k":0,"ix":10},"p":{"a":0,"k":[396.082,517.891,0],"ix":2},"a":{"a":0,"k":[9.082,-12.109,0],"ix":1},"s":{"a":0,"k":[142,142,100],"ix":6}},"ao":0,"t":{"d":{"k":[{"s":{"s":31,"f":"VCROSDMono","t":"1","j":0,"tr":210,"lh":37.2,"ls":0,"fc":[0,0,0]},"t":0}]},"p":{},"m":{"g":1,"a":{"a":0,"k":[0,0],"ix":2}},"a":[]},"ip":11.0000004480392,"op":22.0000008960784,"st":11.0000004480392,"bm":0},{"ddd":0,"ind":31,"ty":5,"nm":"143","sr":1,"ks":{"o":{"a":0,"k":100,"ix":11},"r":{"a":0,"k":0,"ix":10},"p":{"a":0,"k":[338.082,517.891,0],"ix":2},"a":{"a":0,"k":[9.082,-12.109,0],"ix":1},"s":{"a":0,"k":[142,142,100],"ix":6}},"ao":0,"t":{"d":{"k":[{"s":{"s":31,"f":"VCROSDMono","t":"0","j":0,"tr":210,"lh":37.2,"ls":0,"fc":[0,0,0]},"t":0}]},"p":{},"m":{"g":1,"a":{"a":0,"k":[0,0],"ix":2}},"a":[]},"ip":11.0000004480392,"op":22.0000008960784,"st":11.0000004480392,"bm":0},{"ddd":0,"ind":32,"ty":5,"nm":"144","sr":1,"ks":{"o":{"a":0,"k":100,"ix":11},"r":{"a":0,"k":0,"ix":10},"p":{"a":0,"k":[512.082,473.891,0],"ix":2},"a":{"a":0,"k":[9.082,-12.109,0],"ix":1},"s":{"a":0,"k":[142,142,100],"ix":6}},"ao":0,"t":{"d":{"k":[{"s":{"s":31,"f":"VCROSDMono","t":"0","j":0,"tr":210,"lh":37.2,"ls":0,"fc":[0,0,0]},"t":0}]},"p":{},"m":{"g":1,"a":{"a":0,"k":[0,0],"ix":2}},"a":[]},"ip":11.0000004480392,"op":22.0000008960784,"st":11.0000004480392,"bm":0},{"ddd":0,"ind":33,"ty":5,"nm":"145","sr":1,"ks":{"o":{"a":0,"k":100,"ix":11},"r":{"a":0,"k":0,"ix":10},"p":{"a":0,"k":[396.082,473.891,0],"ix":2},"a":{"a":0,"k":[9.082,-12.109,0],"ix":1},"s":{"a":0,"k":[142,142,100],"ix":6}},"ao":0,"t":{"d":{"k":[{"s":{"s":31,"f":"VCROSDMono","t":"0","j":0,"tr":210,"lh":37.2,"ls":0,"fc":[0,0,0]},"t":0}]},"p":{},"m":{"g":1,"a":{"a":0,"k":[0,0],"ix":2}},"a":[]},"ip":11.0000004480392,"op":22.0000008960784,"st":11.0000004480392,"bm":0},{"ddd":0,"ind":34,"ty":5,"nm":"146","sr":1,"ks":{"o":{"a":0,"k":100,"ix":11},"r":{"a":0,"k":0,"ix":10},"p":{"a":0,"k":[338.082,473.891,0],"ix":2},"a":{"a":0,"k":[9.082,-12.109,0],"ix":1},"s":{"a":0,"k":[142,142,100],"ix":6}},"ao":0,"t":{"d":{"k":[{"s":{"s":31,"f":"VCROSDMono","t":"1","j":0,"tr":210,"lh":37.2,"ls":0,"fc":[0,0,0]},"t":0}]},"p":{},"m":{"g":1,"a":{"a":0,"k":[0,0],"ix":2}},"a":[]},"ip":11.0000004480392,"op":22.0000008960784,"st":11.0000004480392,"bm":0},{"ddd":0,"ind":35,"ty":5,"nm":"147","sr":1,"ks":{"o":{"a":0,"k":100,"ix":11},"r":{"a":0,"k":0,"ix":10},"p":{"a":0,"k":[512.082,429.891,0],"ix":2},"a":{"a":0,"k":[9.082,-12.109,0],"ix":1},"s":{"a":0,"k":[142,142,100],"ix":6}},"ao":0,"t":{"d":{"k":[{"s":{"s":31,"f":"VCROSDMono","t":"1","j":0,"tr":210,"lh":37.2,"ls":0,"fc":[0,0,0]},"t":0}]},"p":{},"m":{"g":1,"a":{"a":0,"k":[0,0],"ix":2}},"a":[]},"ip":11.0000004480392,"op":22.0000008960784,"st":11.0000004480392,"bm":0},{"ddd":0,"ind":36,"ty":5,"nm":"148","sr":1,"ks":{"o":{"a":0,"k":100,"ix":11},"r":{"a":0,"k":0,"ix":10},"p":{"a":0,"k":[396.082,429.891,0],"ix":2},"a":{"a":0,"k":[9.082,-12.109,0],"ix":1},"s":{"a":0,"k":[142,142,100],"ix":6}},"ao":0,"t":{"d":{"k":[{"s":{"s":31,"f":"VCROSDMono","t":"1","j":0,"tr":210,"lh":37.2,"ls":0,"fc":[0,0,0]},"t":0}]},"p":{},"m":{"g":1,"a":{"a":0,"k":[0,0],"ix":2}},"a":[]},"ip":11.0000004480392,"op":22.0000008960784,"st":11.0000004480392,"bm":0},{"ddd":0,"ind":37,"ty":5,"nm":"149","sr":1,"ks":{"o":{"a":0,"k":100,"ix":11},"r":{"a":0,"k":0,"ix":10},"p":{"a":0,"k":[338.082,429.891,0],"ix":2},"a":{"a":0,"k":[9.082,-12.109,0],"ix":1},"s":{"a":0,"k":[142,142,100],"ix":6}},"ao":0,"t":{"d":{"k":[{"s":{"s":31,"f":"VCROSDMono","t":"0","j":0,"tr":210,"lh":37.2,"ls":0,"fc":[0,0,0]},"t":0}]},"p":{},"m":{"g":1,"a":{"a":0,"k":[0,0],"ix":2}},"a":[]},"ip":11.0000004480392,"op":22.0000008960784,"st":11.0000004480392,"bm":0},{"ddd":0,"ind":38,"ty":5,"nm":"150","sr":1,"ks":{"o":{"a":0,"k":100,"ix":11},"r":{"a":0,"k":0,"ix":10},"p":{"a":0,"k":[512.082,385.891,0],"ix":2},"a":{"a":0,"k":[9.082,-12.109,0],"ix":1},"s":{"a":0,"k":[142,142,100],"ix":6}},"ao":0,"t":{"d":{"k":[{"s":{"s":31,"f":"VCROSDMono","t":"0","j":0,"tr":210,"lh":37.2,"ls":0,"fc":[0,0,0]},"t":0}]},"p":{},"m":{"g":1,"a":{"a":0,"k":[0,0],"ix":2}},"a":[]},"ip":11.0000004480392,"op":22.0000008960784,"st":11.0000004480392,"bm":0},{"ddd":0,"ind":39,"ty":5,"nm":"151","sr":1,"ks":{"o":{"a":0,"k":100,"ix":11},"r":{"a":0,"k":0,"ix":10},"p":{"a":0,"k":[396.082,385.891,0],"ix":2},"a":{"a":0,"k":[9.082,-12.109,0],"ix":1},"s":{"a":0,"k":[142,142,100],"ix":6}},"ao":0,"t":{"d":{"k":[{"s":{"s":31,"f":"VCROSDMono","t":"0","j":0,"tr":210,"lh":37.2,"ls":0,"fc":[0,0,0]},"t":0}]},"p":{},"m":{"g":1,"a":{"a":0,"k":[0,0],"ix":2}},"a":[]},"ip":11.0000004480392,"op":22.0000008960784,"st":11.0000004480392,"bm":0},{"ddd":0,"ind":40,"ty":5,"nm":"152","sr":1,"ks":{"o":{"a":0,"k":100,"ix":11},"r":{"a":0,"k":0,"ix":10},"p":{"a":0,"k":[338.082,385.891,0],"ix":2},"a":{"a":0,"k":[9.082,-12.109,0],"ix":1},"s":{"a":0,"k":[142,142,100],"ix":6}},"ao":0,"t":{"d":{"k":[{"s":{"s":31,"f":"VCROSDMono","t":"1","j":0,"tr":210,"lh":37.2,"ls":0,"fc":[0,0,0]},"t":0}]},"p":{},"m":{"g":1,"a":{"a":0,"k":[0,0],"ix":2}},"a":[]},"ip":11.0000004480392,"op":22.0000008960784,"st":11.0000004480392,"bm":0},{"ddd":0,"ind":41,"ty":5,"nm":"153","sr":1,"ks":{"o":{"a":0,"k":100,"ix":11},"r":{"a":0,"k":0,"ix":10},"p":{"a":0,"k":[512.082,341.891,0],"ix":2},"a":{"a":0,"k":[9.082,-12.109,0],"ix":1},"s":{"a":0,"k":[142,142,100],"ix":6}},"ao":0,"t":{"d":{"k":[{"s":{"s":31,"f":"VCROSDMono","t":"0","j":0,"tr":210,"lh":37.2,"ls":0,"fc":[0,0,0]},"t":0}]},"p":{},"m":{"g":1,"a":{"a":0,"k":[0,0],"ix":2}},"a":[]},"ip":11.0000004480392,"op":22.0000008960784,"st":11.0000004480392,"bm":0},{"ddd":0,"ind":42,"ty":5,"nm":"154","sr":1,"ks":{"o":{"a":0,"k":100,"ix":11},"r":{"a":0,"k":0,"ix":10},"p":{"a":0,"k":[396.082,341.891,0],"ix":2},"a":{"a":0,"k":[9.082,-12.109,0],"ix":1},"s":{"a":0,"k":[142,142,100],"ix":6}},"ao":0,"t":{"d":{"k":[{"s":{"s":31,"f":"VCROSDMono","t":"0","j":0,"tr":210,"lh":37.2,"ls":0,"fc":[0,0,0]},"t":0}]},"p":{},"m":{"g":1,"a":{"a":0,"k":[0,0],"ix":2}},"a":[]},"ip":11.0000004480392,"op":22.0000008960784,"st":11.0000004480392,"bm":0},{"ddd":0,"ind":43,"ty":5,"nm":"155","sr":1,"ks":{"o":{"a":0,"k":100,"ix":11},"r":{"a":0,"k":0,"ix":10},"p":{"a":0,"k":[338.082,341.891,0],"ix":2},"a":{"a":0,"k":[9.082,-12.109,0],"ix":1},"s":{"a":0,"k":[142,142,100],"ix":6}},"ao":0,"t":{"d":{"k":[{"s":{"s":31,"f":"VCROSDMono","t":"1","j":0,"tr":210,"lh":37.2,"ls":0,"fc":[0,0,0]},"t":0}]},"p":{},"m":{"g":1,"a":{"a":0,"k":[0,0],"ix":2}},"a":[]},"ip":11.0000004480392,"op":22.0000008960784,"st":11.0000004480392,"bm":0},{"ddd":0,"ind":44,"ty":5,"nm":"156","sr":1,"ks":{"o":{"a":0,"k":100,"ix":11},"r":{"a":0,"k":0,"ix":10},"p":{"a":0,"k":[512.082,297.891,0],"ix":2},"a":{"a":0,"k":[9.082,-12.109,0],"ix":1},"s":{"a":0,"k":[142,142,100],"ix":6}},"ao":0,"t":{"d":{"k":[{"s":{"s":31,"f":"VCROSDMono","t":"0","j":0,"tr":210,"lh":37.2,"ls":0,"fc":[0,0,0]},"t":0}]},"p":{},"m":{"g":1,"a":{"a":0,"k":[0,0],"ix":2}},"a":[]},"ip":11.0000004480392,"op":22.0000008960784,"st":11.0000004480392,"bm":0},{"ddd":0,"ind":45,"ty":5,"nm":"157","sr":1,"ks":{"o":{"a":0,"k":100,"ix":11},"r":{"a":0,"k":0,"ix":10},"p":{"a":0,"k":[396.082,297.891,0],"ix":2},"a":{"a":0,"k":[9.082,-12.109,0],"ix":1},"s":{"a":0,"k":[142,142,100],"ix":6}},"ao":0,"t":{"d":{"k":[{"s":{"s":31,"f":"VCROSDMono","t":"1","j":0,"tr":210,"lh":37.2,"ls":0,"fc":[0,0,0]},"t":0}]},"p":{},"m":{"g":1,"a":{"a":0,"k":[0,0],"ix":2}},"a":[]},"ip":11.0000004480392,"op":22.0000008960784,"st":11.0000004480392,"bm":0},{"ddd":0,"ind":46,"ty":5,"nm":"0","sr":1,"ks":{"o":{"a":0,"k":100,"ix":11},"r":{"a":0,"k":0,"ix":10},"p":{"a":0,"k":[338.082,297.891,0],"ix":2},"a":{"a":0,"k":[9.082,-12.109,0],"ix":1},"s":{"a":0,"k":[142,142,100],"ix":6}},"ao":0,"t":{"d":{"k":[{"s":{"s":31,"f":"VCROSDMono","t":"0","j":0,"tr":210,"lh":37.2,"ls":0,"fc":[0,0,0]},"t":0}]},"p":{},"m":{"g":1,"a":{"a":0,"k":[0,0],"ix":2}},"a":[]},"ip":11.0000004480392,"op":22.0000008960784,"st":11.0000004480392,"bm":0},{"ddd":0,"ind":47,"ty":5,"nm":"1","sr":1,"ks":{"o":{"a":0,"k":100,"ix":11},"r":{"a":0,"k":0,"ix":10},"p":{"a":0,"k":[454.082,517.891,0],"ix":2},"a":{"a":0,"k":[9.082,-12.109,0],"ix":1},"s":{"a":0,"k":[142,142,100],"ix":6}},"ao":0,"t":{"d":{"k":[{"s":{"s":31,"f":"VCROSDMono","t":"1","j":0,"tr":210,"lh":37.2,"ls":0,"fc":[0,0,0]},"t":0}]},"p":{},"m":{"g":1,"a":{"a":0,"k":[0,0],"ix":2}},"a":[]},"ip":0,"op":11.0000004480392,"st":0,"bm":0},{"ddd":0,"ind":48,"ty":5,"nm":"158","sr":1,"ks":{"o":{"a":0,"k":100,"ix":11},"r":{"a":0,"k":0,"ix":10},"p":{"a":0,"k":[454.082,473.891,0],"ix":2},"a":{"a":0,"k":[9.082,-12.109,0],"ix":1},"s":{"a":0,"k":[142,142,100],"ix":6}},"ao":0,"t":{"d":{"k":[{"s":{"s":31,"f":"VCROSDMono","t":"0","j":0,"tr":210,"lh":37.2,"ls":0,"fc":[0,0,0]},"t":0}]},"p":{},"m":{"g":1,"a":{"a":0,"k":[0,0],"ix":2}},"a":[]},"ip":0,"op":11.0000004480392,"st":0,"bm":0},{"ddd":0,"ind":49,"ty":5,"nm":"159","sr":1,"ks":{"o":{"a":0,"k":100,"ix":11},"r":{"a":0,"k":0,"ix":10},"p":{"a":0,"k":[454.082,429.891,0],"ix":2},"a":{"a":0,"k":[9.082,-12.109,0],"ix":1},"s":{"a":0,"k":[142,142,100],"ix":6}},"ao":0,"t":{"d":{"k":[{"s":{"s":31,"f":"VCROSDMono","t":"1","j":0,"tr":210,"lh":37.2,"ls":0,"fc":[0,0,0]},"t":0}]},"p":{},"m":{"g":1,"a":{"a":0,"k":[0,0],"ix":2}},"a":[]},"ip":0,"op":11.0000004480392,"st":0,"bm":0},{"ddd":0,"ind":50,"ty":5,"nm":"160","sr":1,"ks":{"o":{"a":0,"k":100,"ix":11},"r":{"a":0,"k":0,"ix":10},"p":{"a":0,"k":[454.082,385.891,0],"ix":2},"a":{"a":0,"k":[9.082,-12.109,0],"ix":1},"s":{"a":0,"k":[142,142,100],"ix":6}},"ao":0,"t":{"d":{"k":[{"s":{"s":31,"f":"VCROSDMono","t":"0","j":0,"tr":210,"lh":37.2,"ls":0,"fc":[0,0,0]},"t":0}]},"p":{},"m":{"g":1,"a":{"a":0,"k":[0,0],"ix":2}},"a":[]},"ip":0,"op":11.0000004480392,"st":0,"bm":0},{"ddd":0,"ind":51,"ty":5,"nm":"161","sr":1,"ks":{"o":{"a":0,"k":100,"ix":11},"r":{"a":0,"k":0,"ix":10},"p":{"a":0,"k":[454.082,341.891,0],"ix":2},"a":{"a":0,"k":[9.082,-12.109,0],"ix":1},"s":{"a":0,"k":[142,142,100],"ix":6}},"ao":0,"t":{"d":{"k":[{"s":{"s":31,"f":"VCROSDMono","t":"1","j":0,"tr":210,"lh":37.2,"ls":0,"fc":[0,0,0]},"t":0}]},"p":{},"m":{"g":1,"a":{"a":0,"k":[0,0],"ix":2}},"a":[]},"ip":0,"op":11.0000004480392,"st":0,"bm":0},{"ddd":0,"ind":52,"ty":5,"nm":"162","sr":1,"ks":{"o":{"a":0,"k":100,"ix":11},"r":{"a":0,"k":0,"ix":10},"p":{"a":0,"k":[512.082,517.891,0],"ix":2},"a":{"a":0,"k":[9.082,-12.109,0],"ix":1},"s":{"a":0,"k":[142,142,100],"ix":6}},"ao":0,"t":{"d":{"k":[{"s":{"s":31,"f":"VCROSDMono","t":"0","j":0,"tr":210,"lh":37.2,"ls":0,"fc":[0,0,0]},"t":0}]},"p":{},"m":{"g":1,"a":{"a":0,"k":[0,0],"ix":2}},"a":[]},"ip":0,"op":11.0000004480392,"st":0,"bm":0},{"ddd":0,"ind":53,"ty":5,"nm":"163","sr":1,"ks":{"o":{"a":0,"k":100,"ix":11},"r":{"a":0,"k":0,"ix":10},"p":{"a":0,"k":[396.082,517.891,0],"ix":2},"a":{"a":0,"k":[9.082,-12.109,0],"ix":1},"s":{"a":0,"k":[142,142,100],"ix":6}},"ao":0,"t":{"d":{"k":[{"s":{"s":31,"f":"VCROSDMono","t":"0","j":0,"tr":210,"lh":37.2,"ls":0,"fc":[0,0,0]},"t":0}]},"p":{},"m":{"g":1,"a":{"a":0,"k":[0,0],"ix":2}},"a":[]},"ip":0,"op":11.0000004480392,"st":0,"bm":0},{"ddd":0,"ind":54,"ty":5,"nm":"164","sr":1,"ks":{"o":{"a":0,"k":100,"ix":11},"r":{"a":0,"k":0,"ix":10},"p":{"a":0,"k":[338.082,517.891,0],"ix":2},"a":{"a":0,"k":[9.082,-12.109,0],"ix":1},"s":{"a":0,"k":[142,142,100],"ix":6}},"ao":0,"t":{"d":{"k":[{"s":{"s":31,"f":"VCROSDMono","t":"1","j":0,"tr":210,"lh":37.2,"ls":0,"fc":[0,0,0]},"t":0}]},"p":{},"m":{"g":1,"a":{"a":0,"k":[0,0],"ix":2}},"a":[]},"ip":0,"op":11.0000004480392,"st":0,"bm":0},{"ddd":0,"ind":55,"ty":5,"nm":"165","sr":1,"ks":{"o":{"a":0,"k":100,"ix":11},"r":{"a":0,"k":0,"ix":10},"p":{"a":0,"k":[512.082,473.891,0],"ix":2},"a":{"a":0,"k":[9.082,-12.109,0],"ix":1},"s":{"a":0,"k":[142,142,100],"ix":6}},"ao":0,"t":{"d":{"k":[{"s":{"s":31,"f":"VCROSDMono","t":"1","j":0,"tr":210,"lh":37.2,"ls":0,"fc":[0,0,0]},"t":0}]},"p":{},"m":{"g":1,"a":{"a":0,"k":[0,0],"ix":2}},"a":[]},"ip":0,"op":11.0000004480392,"st":0,"bm":0},{"ddd":0,"ind":56,"ty":5,"nm":"166","sr":1,"ks":{"o":{"a":0,"k":100,"ix":11},"r":{"a":0,"k":0,"ix":10},"p":{"a":0,"k":[396.082,473.891,0],"ix":2},"a":{"a":0,"k":[9.082,-12.109,0],"ix":1},"s":{"a":0,"k":[142,142,100],"ix":6}},"ao":0,"t":{"d":{"k":[{"s":{"s":31,"f":"VCROSDMono","t":"1","j":0,"tr":210,"lh":37.2,"ls":0,"fc":[0,0,0]},"t":0}]},"p":{},"m":{"g":1,"a":{"a":0,"k":[0,0],"ix":2}},"a":[]},"ip":0,"op":11.0000004480392,"st":0,"bm":0},{"ddd":0,"ind":57,"ty":5,"nm":"167","sr":1,"ks":{"o":{"a":0,"k":100,"ix":11},"r":{"a":0,"k":0,"ix":10},"p":{"a":0,"k":[338.082,473.891,0],"ix":2},"a":{"a":0,"k":[9.082,-12.109,0],"ix":1},"s":{"a":0,"k":[142,142,100],"ix":6}},"ao":0,"t":{"d":{"k":[{"s":{"s":31,"f":"VCROSDMono","t":"0","j":0,"tr":210,"lh":37.2,"ls":0,"fc":[0,0,0]},"t":0}]},"p":{},"m":{"g":1,"a":{"a":0,"k":[0,0],"ix":2}},"a":[]},"ip":0,"op":11.0000004480392,"st":0,"bm":0},{"ddd":0,"ind":58,"ty":5,"nm":"168","sr":1,"ks":{"o":{"a":0,"k":100,"ix":11},"r":{"a":0,"k":0,"ix":10},"p":{"a":0,"k":[512.082,429.891,0],"ix":2},"a":{"a":0,"k":[9.082,-12.109,0],"ix":1},"s":{"a":0,"k":[142,142,100],"ix":6}},"ao":0,"t":{"d":{"k":[{"s":{"s":31,"f":"VCROSDMono","t":"0","j":0,"tr":210,"lh":37.2,"ls":0,"fc":[0,0,0]},"t":0}]},"p":{},"m":{"g":1,"a":{"a":0,"k":[0,0],"ix":2}},"a":[]},"ip":0,"op":11.0000004480392,"st":0,"bm":0},{"ddd":0,"ind":59,"ty":5,"nm":"169","sr":1,"ks":{"o":{"a":0,"k":100,"ix":11},"r":{"a":0,"k":0,"ix":10},"p":{"a":0,"k":[396.082,429.891,0],"ix":2},"a":{"a":0,"k":[9.082,-12.109,0],"ix":1},"s":{"a":0,"k":[142,142,100],"ix":6}},"ao":0,"t":{"d":{"k":[{"s":{"s":31,"f":"VCROSDMono","t":"0","j":0,"tr":210,"lh":37.2,"ls":0,"fc":[0,0,0]},"t":0}]},"p":{},"m":{"g":1,"a":{"a":0,"k":[0,0],"ix":2}},"a":[]},"ip":0,"op":11.0000004480392,"st":0,"bm":0},{"ddd":0,"ind":60,"ty":5,"nm":"170","sr":1,"ks":{"o":{"a":0,"k":100,"ix":11},"r":{"a":0,"k":0,"ix":10},"p":{"a":0,"k":[338.082,429.891,0],"ix":2},"a":{"a":0,"k":[9.082,-12.109,0],"ix":1},"s":{"a":0,"k":[142,142,100],"ix":6}},"ao":0,"t":{"d":{"k":[{"s":{"s":31,"f":"VCROSDMono","t":"1","j":0,"tr":210,"lh":37.2,"ls":0,"fc":[0,0,0]},"t":0}]},"p":{},"m":{"g":1,"a":{"a":0,"k":[0,0],"ix":2}},"a":[]},"ip":0,"op":11.0000004480392,"st":0,"bm":0},{"ddd":0,"ind":61,"ty":5,"nm":"171","sr":1,"ks":{"o":{"a":0,"k":100,"ix":11},"r":{"a":0,"k":0,"ix":10},"p":{"a":0,"k":[512.082,385.891,0],"ix":2},"a":{"a":0,"k":[9.082,-12.109,0],"ix":1},"s":{"a":0,"k":[142,142,100],"ix":6}},"ao":0,"t":{"d":{"k":[{"s":{"s":31,"f":"VCROSDMono","t":"1","j":0,"tr":210,"lh":37.2,"ls":0,"fc":[0,0,0]},"t":0}]},"p":{},"m":{"g":1,"a":{"a":0,"k":[0,0],"ix":2}},"a":[]},"ip":0,"op":11.0000004480392,"st":0,"bm":0},{"ddd":0,"ind":62,"ty":5,"nm":"172","sr":1,"ks":{"o":{"a":0,"k":100,"ix":11},"r":{"a":0,"k":0,"ix":10},"p":{"a":0,"k":[396.082,385.891,0],"ix":2},"a":{"a":0,"k":[9.082,-12.109,0],"ix":1},"s":{"a":0,"k":[142,142,100],"ix":6}},"ao":0,"t":{"d":{"k":[{"s":{"s":31,"f":"VCROSDMono","t":"1","j":0,"tr":210,"lh":37.2,"ls":0,"fc":[0,0,0]},"t":0}]},"p":{},"m":{"g":1,"a":{"a":0,"k":[0,0],"ix":2}},"a":[]},"ip":0,"op":11.0000004480392,"st":0,"bm":0},{"ddd":0,"ind":63,"ty":5,"nm":"173","sr":1,"ks":{"o":{"a":0,"k":100,"ix":11},"r":{"a":0,"k":0,"ix":10},"p":{"a":0,"k":[338.082,385.891,0],"ix":2},"a":{"a":0,"k":[9.082,-12.109,0],"ix":1},"s":{"a":0,"k":[142,142,100],"ix":6}},"ao":0,"t":{"d":{"k":[{"s":{"s":31,"f":"VCROSDMono","t":"0","j":0,"tr":210,"lh":37.2,"ls":0,"fc":[0,0,0]},"t":0}]},"p":{},"m":{"g":1,"a":{"a":0,"k":[0,0],"ix":2}},"a":[]},"ip":0,"op":11.0000004480392,"st":0,"bm":0},{"ddd":0,"ind":64,"ty":5,"nm":"174","sr":1,"ks":{"o":{"a":0,"k":100,"ix":11},"r":{"a":0,"k":0,"ix":10},"p":{"a":0,"k":[512.082,341.891,0],"ix":2},"a":{"a":0,"k":[9.082,-12.109,0],"ix":1},"s":{"a":0,"k":[142,142,100],"ix":6}},"ao":0,"t":{"d":{"k":[{"s":{"s":31,"f":"VCROSDMono","t":"0","j":0,"tr":210,"lh":37.2,"ls":0,"fc":[0,0,0]},"t":0}]},"p":{},"m":{"g":1,"a":{"a":0,"k":[0,0],"ix":2}},"a":[]},"ip":0,"op":11.0000004480392,"st":0,"bm":0},{"ddd":0,"ind":65,"ty":5,"nm":"175","sr":1,"ks":{"o":{"a":0,"k":100,"ix":11},"r":{"a":0,"k":0,"ix":10},"p":{"a":0,"k":[396.082,341.891,0],"ix":2},"a":{"a":0,"k":[9.082,-12.109,0],"ix":1},"s":{"a":0,"k":[142,142,100],"ix":6}},"ao":0,"t":{"d":{"k":[{"s":{"s":31,"f":"VCROSDMono","t":"0","j":0,"tr":210,"lh":37.2,"ls":0,"fc":[0,0,0]},"t":0}]},"p":{},"m":{"g":1,"a":{"a":0,"k":[0,0],"ix":2}},"a":[]},"ip":0,"op":11.0000004480392,"st":0,"bm":0},{"ddd":0,"ind":66,"ty":5,"nm":"176","sr":1,"ks":{"o":{"a":0,"k":100,"ix":11},"r":{"a":0,"k":0,"ix":10},"p":{"a":0,"k":[338.082,341.891,0],"ix":2},"a":{"a":0,"k":[9.082,-12.109,0],"ix":1},"s":{"a":0,"k":[142,142,100],"ix":6}},"ao":0,"t":{"d":{"k":[{"s":{"s":31,"f":"VCROSDMono","t":"1","j":0,"tr":210,"lh":37.2,"ls":0,"fc":[0,0,0]},"t":0}]},"p":{},"m":{"g":1,"a":{"a":0,"k":[0,0],"ix":2}},"a":[]},"ip":0,"op":11.0000004480392,"st":0,"bm":0},{"ddd":0,"ind":67,"ty":5,"nm":"177","sr":1,"ks":{"o":{"a":0,"k":100,"ix":11},"r":{"a":0,"k":0,"ix":10},"p":{"a":0,"k":[512.082,297.891,0],"ix":2},"a":{"a":0,"k":[9.082,-12.109,0],"ix":1},"s":{"a":0,"k":[142,142,100],"ix":6}},"ao":0,"t":{"d":{"k":[{"s":{"s":31,"f":"VCROSDMono","t":"1","j":0,"tr":210,"lh":37.2,"ls":0,"fc":[0,0,0]},"t":0}]},"p":{},"m":{"g":1,"a":{"a":0,"k":[0,0],"ix":2}},"a":[]},"ip":0,"op":11.0000004480392,"st":0,"bm":0},{"ddd":0,"ind":68,"ty":5,"nm":"178","sr":1,"ks":{"o":{"a":0,"k":100,"ix":11},"r":{"a":0,"k":0,"ix":10},"p":{"a":0,"k":[396.082,297.891,0],"ix":2},"a":{"a":0,"k":[9.082,-12.109,0],"ix":1},"s":{"a":0,"k":[142,142,100],"ix":6}},"ao":0,"t":{"d":{"k":[{"s":{"s":31,"f":"VCROSDMono","t":"0","j":0,"tr":210,"lh":37.2,"ls":0,"fc":[0,0,0]},"t":0}]},"p":{},"m":{"g":1,"a":{"a":0,"k":[0,0],"ix":2}},"a":[]},"ip":0,"op":11.0000004480392,"st":0,"bm":0},{"ddd":0,"ind":69,"ty":5,"nm":"179","sr":1,"ks":{"o":{"a":0,"k":100,"ix":11},"r":{"a":0,"k":0,"ix":10},"p":{"a":0,"k":[338.082,297.891,0],"ix":2},"a":{"a":0,"k":[9.082,-12.109,0],"ix":1},"s":{"a":0,"k":[142,142,100],"ix":6}},"ao":0,"t":{"d":{"k":[{"s":{"s":31,"f":"VCROSDMono","t":"1","j":0,"tr":210,"lh":37.2,"ls":0,"fc":[0,0,0]},"t":0}]},"p":{},"m":{"g":1,"a":{"a":0,"k":[0,0],"ix":2}},"a":[]},"ip":0,"op":11.0000004480392,"st":0,"bm":0}]}],"fonts":{"list":[{"fName":"VCROSDMono","fFamily":"VCR OSD Mono","fStyle":"Regular","ascent":68.566650390625}]},"layers":[{"ddd":0,"ind":1,"ty":0,"nm":"numbers","refId":"comp_0","sr":1,"ks":{"o":{"a":0,"k":100,"ix":11},"r":{"a":0,"k":0,"ix":10},"p":{"a":0,"k":[425.5,425.5,0],"ix":2},"a":{"a":0,"k":[425.5,425.5,0],"ix":1},"s":{"a":0,"k":[100,100,100],"ix":6}},"ao":0,"w":851,"h":851,"ip":66.0000026882351,"op":99.0000040323527,"st":66.0000026882351,"bm":0},{"ddd":0,"ind":2,"ty":0,"nm":"numbers","refId":"comp_0","sr":1,"ks":{"o":{"a":0,"k":100,"ix":11},"r":{"a":0,"k":0,"ix":10},"p":{"a":0,"k":[425.5,425.5,0],"ix":2},"a":{"a":0,"k":[425.5,425.5,0],"ix":1},"s":{"a":0,"k":[100,100,100],"ix":6}},"ao":0,"w":851,"h":851,"ip":33.0000013441176,"op":66.0000026882351,"st":33.0000013441176,"bm":0},{"ddd":0,"ind":3,"ty":0,"nm":"numbers","refId":"comp_0","sr":1,"ks":{"o":{"a":0,"k":100,"ix":11},"r":{"a":0,"k":0,"ix":10},"p":{"a":0,"k":[425.5,425.5,0],"ix":2},"a":{"a":0,"k":[425.5,425.5,0],"ix":1},"s":{"a":0,"k":[100,100,100],"ix":6}},"ao":0,"w":851,"h":851,"ip":0,"op":33.0000013441176,"st":0,"bm":0},{"ddd":0,"ind":4,"ty":4,"nm":"Yellow Outlines 2","sr":1,"ks":{"o":{"a":0,"k":100,"ix":11},"r":{"a":0,"k":0,"ix":10},"p":{"a":1,"k":[{"i":{"x":0,"y":1},"o":{"x":0.333,"y":0},"t":0,"s":[468.319,424.666,0],"to":[0,0,0],"ti":[0,0,0]},{"i":{"x":0,"y":1},"o":{"x":0.333,"y":0},"t":49.5,"s":[408.319,424.666,0],"to":[0,0,0],"ti":[0,0,0]},{"t":99.0000040323527,"s":[468.319,424.666,0]}],"ix":2},"a":{"a":0,"k":[109.049,109.049,0],"ix":1},"s":{"a":0,"k":[100,100,100],"ix":6}},"ao":0,"shapes":[{"ty":"gr","it":[{"ind":0,"ty":"sh","ix":1,"ks":{"a":0,"k":{"i":[[6.212,0],[0,0],[0,6.213],[0,0],[-6.213,0],[0,0],[0,-6.212],[0,0]],"o":[[0,0],[-6.213,0],[0,0],[0,-6.212],[0,0],[6.212,0],[0,0],[0,6.213]],"v":[[97.55,108.799],[-97.55,108.799],[-108.799,97.55],[-108.799,-97.55],[-97.55,-108.799],[97.55,-108.799],[108.799,-97.55],[108.799,97.55]],"c":true},"ix":2},"nm":"Path 1","mn":"ADBE Vector Shape - Group","hd":false},{"ty":"fl","c":{"a":0,"k":[0.984000052658,0.795999983245,0,1],"ix":4},"o":{"a":0,"k":100,"ix":5},"r":1,"bm":0,"nm":"Fill 1","mn":"ADBE Vector Graphic - Fill","hd":false},{"ty":"tr","p":{"a":0,"k":[109.049,109.049],"ix":2},"a":{"a":0,"k":[0,0],"ix":1},"s":{"a":0,"k":[100,100],"ix":3},"r":{"a":0,"k":0,"ix":6},"o":{"a":0,"k":100,"ix":7},"sk":{"a":0,"k":0,"ix":4},"sa":{"a":0,"k":0,"ix":5},"nm":"Transform"}],"nm":"Group 1","np":2,"cix":2,"bm":0,"ix":1,"mn":"ADBE Vector Group","hd":false}],"ip":0,"op":99.0000040323527,"st":0,"bm":0},{"ddd":0,"ind":5,"ty":4,"nm":"Shape Layer 1","sr":1,"ks":{"o":{"a":0,"k":100,"ix":11},"r":{"a":0,"k":0,"ix":10},"p":{"a":0,"k":[425.5,425.5,0],"ix":2},"a":{"a":0,"k":[0,0,0],"ix":1},"s":{"a":0,"k":[100,100,100],"ix":6}},"ao":0,"shapes":[{"ty":"gr","it":[{"ty":"rc","d":1,"s":{"a":0,"k":[851,851],"ix":2},"p":{"a":0,"k":[0,0],"ix":3},"r":{"a":0,"k":0,"ix":4},"nm":"Rectangle Path 1","mn":"ADBE Vector Shape - Rect","hd":false},{"ty":"fl","c":{"a":0,"k":[1,1,1,1],"ix":4},"o":{"a":0,"k":100,"ix":5},"r":1,"bm":0,"nm":"Fill 1","mn":"ADBE Vector Graphic - Fill","hd":false},{"ty":"tr","p":{"a":0,"k":[0,0],"ix":2},"a":{"a":0,"k":[0,0],"ix":1},"s":{"a":0,"k":[100,100],"ix":3},"r":{"a":0,"k":0,"ix":6},"o":{"a":0,"k":100,"ix":7},"sk":{"a":0,"k":0,"ix":4},"sa":{"a":0,"k":0,"ix":5},"nm":"Transform"}],"nm":"Rectangle 1","np":3,"cix":2,"bm":0,"ix":1,"mn":"ADBE Vector Group","hd":false}],"ip":0,"op":99.0000040323527,"st":0,"bm":0}],"markers":[],"chars":[{"ch":"1","size":31,"style":"Regular","w":58.59,"data":{"shapes":[{"ty":"gr","it":[{"ind":0,"ty":"sh","ix":1,"ks":{"a":0,"k":{"i":[[0,0],[0,0],[0,0],[0,0],[0,0],[0,0],[0,0],[0,0],[0,0],[0,0],[0,0],[0,0],[0,0],[0,0]],"o":[[0,0],[0,0],[0,0],[0,0],[0,0],[0,0],[0,0],[0,0],[0,0],[0,0],[0,0],[0,0],[0,0],[0,0]],"v":[[34.18,-73.242],[24.414,-73.242],[24.414,-68.359],[19.531,-68.359],[19.531,-63.477],[14.648,-63.477],[14.648,-53.711],[24.414,-53.711],[24.414,-14.648],[14.648,-14.648],[14.648,-4.883],[43.945,-4.883],[43.945,-14.648],[34.18,-14.648]],"c":true},"ix":2},"nm":"1","mn":"ADBE Vector Shape - Group","hd":false}],"nm":"1","np":3,"cix":2,"bm":0,"ix":1,"mn":"ADBE Vector Group","hd":false}]},"fFamily":"VCR OSD Mono"},{"ch":"0","size":31,"style":"Regular","w":58.59,"data":{"shapes":[{"ty":"gr","it":[{"ind":0,"ty":"sh","ix":1,"ks":{"a":0,"k":{"i":[[0,0],[0,0],[0,0],[0,0],[0,0],[0,0],[0,0],[0,0],[0,0],[0,0],[0,0],[0,0],[0,0],[0,0],[0,0],[0,0]],"o":[[0,0],[0,0],[0,0],[0,0],[0,0],[0,0],[0,0],[0,0],[0,0],[0,0],[0,0],[0,0],[0,0],[0,0],[0,0],[0,0]],"v":[[14.648,-34.18],[14.648,-58.594],[19.531,-58.594],[19.531,-63.477],[39.063,-63.477],[39.063,-58.594],[43.945,-58.594],[43.945,-53.711],[34.18,-53.711],[34.18,-48.828],[29.297,-48.828],[29.297,-43.945],[24.414,-43.945],[24.414,-39.063],[19.531,-39.063],[19.531,-34.18]],"c":true},"ix":2},"nm":"0","mn":"ADBE Vector Shape - Group","hd":false},{"ind":1,"ty":"sh","ix":2,"ks":{"a":0,"k":{"i":[[0,0],[0,0],[0,0],[0,0],[0,0],[0,0],[0,0],[0,0],[0,0],[0,0],[0,0],[0,0],[0,0],[0,0],[0,0],[0,0]],"o":[[0,0],[0,0],[0,0],[0,0],[0,0],[0,0],[0,0],[0,0],[0,0],[0,0],[0,0],[0,0],[0,0],[0,0],[0,0],[0,0]],"v":[[24.414,-24.414],[24.414,-29.297],[29.297,-29.297],[29.297,-34.18],[34.18,-34.18],[34.18,-39.063],[39.063,-39.063],[39.063,-43.945],[43.945,-43.945],[43.945,-19.531],[39.063,-19.531],[39.063,-14.648],[19.531,-14.648],[19.531,-19.531],[14.648,-19.531],[14.648,-24.414]],"c":true},"ix":2},"nm":"0","mn":"ADBE Vector Shape - Group","hd":false},{"ind":2,"ty":"sh","ix":3,"ks":{"a":0,"k":{"i":[[0,0],[0,0],[0,0],[0,0],[0,0],[0,0],[0,0],[0,0],[0,0],[0,0],[0,0],[0,0],[0,0],[0,0],[0,0],[0,0],[0,0],[0,0],[0,0],[0,0]],"o":[[0,0],[0,0],[0,0],[0,0],[0,0],[0,0],[0,0],[0,0],[0,0],[0,0],[0,0],[0,0],[0,0],[0,0],[0,0],[0,0],[0,0],[0,0],[0,0],[0,0]],"v":[[9.766,-68.359],[9.766,-63.477],[4.883,-63.477],[4.883,-14.648],[9.766,-14.648],[9.766,-9.766],[14.648,-9.766],[14.648,-4.883],[43.945,-4.883],[43.945,-9.766],[48.828,-9.766],[48.828,-14.648],[53.711,-14.648],[53.711,-63.477],[48.828,-63.477],[48.828,-68.359],[43.945,-68.359],[43.945,-73.242],[14.648,-73.242],[14.648,-68.359]],"c":true},"ix":2},"nm":"0","mn":"ADBE Vector Shape - Group","hd":false}],"nm":"0","np":6,"cix":2,"bm":0,"ix":1,"mn":"ADBE Vector Group","hd":false}]},"fFamily":"VCR OSD Mono"}]}